Concentrate,4oz,16oz,32oz
Absinthe,addtocart.aspx?ProductID=7176&VariantID=31576&returnURL=c-84-bulk-sizes.aspx#7176|4|8.75,addtocart.aspx?ProductID=7176&VariantID=31577&returnURL=c-84-bulk-sizes.aspx#7176|16|21.00,addtocart.aspx?ProductID=7176&VariantID=31578&returnURL=c-84-bulk-sizes.aspx#7176|32|39.90
Absinthe_Concentrate,addtocart.aspx?ProductID=7443&VariantID=32543&returnURL=c-84-bulk-sizes.aspx#7443|4|8.00,addtocart.aspx?ProductID=7443&VariantID=32544&returnURL=c-84-bulk-sizes.aspx#7443|16|28.00,
Acai,addtocart.aspx?ProductID=7579&VariantID=33332&returnURL=c-84-bulk-sizes.aspx#7579|4|8.75,addtocart.aspx?ProductID=7579&VariantID=33333&returnURL=c-84-bulk-sizes.aspx#7579|16|21.00,addtocart.aspx?ProductID=7579&VariantID=33334&returnURL=c-84-bulk-sizes.aspx#7579|32|39.00
Acetyl_Pyrazine_5,addtocart.aspx?ProductID=7287&VariantID=31910&returnURL=c-84-bulk-sizes.aspx#7287|4|15.00,addtocart.aspx?ProductID=7287&VariantID=31911&returnURL=c-84-bulk-sizes.aspx#7287|16|45.00,addtocart.aspx?ProductID=7287&VariantID=31912&returnURL=c-84-bulk-sizes.aspx#7287|32|85.00
Almond_Amaretto,addtocart.aspx?ProductID=6708&VariantID=30539&returnURL=c-84-bulk-sizes.aspx#6708|4|6.50,addtocart.aspx?ProductID=6708&VariantID=30540&returnURL=c-84-bulk-sizes.aspx#6708|16|15.00,addtocart.aspx?ProductID=6708&VariantID=30541&returnURL=c-84-bulk-sizes.aspx#6708|32|28.50
Anise_Star_Essential_Oil,addtocart.aspx?ProductID=7286&VariantID=31907&returnURL=c-84-bulk-sizes.aspx#7286|4|8.00,addtocart.aspx?ProductID=7286&VariantID=31908&returnURL=c-84-bulk-sizes.aspx#7286|16|28.00,addtocart.aspx?ProductID=7286&VariantID=31909&returnURL=c-84-bulk-sizes.aspx#7286|32|50.00
Apple_Tart_Granny_Smith,addtocart.aspx?ProductID=7159&VariantID=31492&returnURL=c-84-bulk-sizes.aspx#7159|4|8.00,addtocart.aspx?ProductID=7159&VariantID=31493&returnURL=c-84-bulk-sizes.aspx#7159|16|20.00,addtocart.aspx?ProductID=7159&VariantID=31494&returnURL=c-84-bulk-sizes.aspx#7159|32|38.00
Apple_Candy,addtocart.aspx?ProductID=7399&VariantID=32361&returnURL=c-84-bulk-sizes.aspx#7399|4|8.00,addtocart.aspx?ProductID=7399&VariantID=32362&returnURL=c-84-bulk-sizes.aspx#7399|16|20.00,addtocart.aspx?ProductID=7399&VariantID=32363&returnURL=c-84-bulk-sizes.aspx#7399|32|38.50
Apple,addtocart.aspx?ProductID=6709&VariantID=30543&returnURL=c-84-bulk-sizes.aspx#6709|4|6.50,addtocart.aspx?ProductID=6709&VariantID=30544&returnURL=c-84-bulk-sizes.aspx#6709|16|15.00,addtocart.aspx?ProductID=6709&VariantID=30545&returnURL=c-84-bulk-sizes.aspx#6709|32|28.50
Apple_Pie,addtocart.aspx?ProductID=7369&VariantID=32238&returnURL=c-84-bulk-sizes.aspx#7369|4|8.00,addtocart.aspx?ProductID=7369&VariantID=32239&returnURL=c-84-bulk-sizes.aspx#7369|16|20.00,addtocart.aspx?ProductID=7369&VariantID=32240&returnURL=c-84-bulk-sizes.aspx#7369|32|38.00
Apricot,addtocart.aspx?ProductID=7557&VariantID=33211&returnURL=c-84-bulk-sizes.aspx#7557|4|7.50,addtocart.aspx?ProductID=7557&VariantID=33212&returnURL=c-84-bulk-sizes.aspx#7557|16|17.00,addtocart.aspx?ProductID=7557&VariantID=33213&returnURL=c-84-bulk-sizes.aspx#7557|32|32.30
Bacon,addtocart.aspx?ProductID=7519&VariantID=32784&returnURL=c-84-bulk-sizes.aspx#7519|4|8.00,addtocart.aspx?ProductID=7519&VariantID=32785&returnURL=c-84-bulk-sizes.aspx#7519|16|20.00,addtocart.aspx?ProductID=7519&VariantID=32786&returnURL=c-84-bulk-sizes.aspx#7519|32|38.50
Banana_Cream,addtocart.aspx?ProductID=6711&VariantID=30551&returnURL=c-84-bulk-sizes.aspx#6711|4|6.50,addtocart.aspx?ProductID=6711&VariantID=30552&returnURL=c-84-bulk-sizes.aspx#6711|16|15.00,addtocart.aspx?ProductID=6711&VariantID=30553&returnURL=c-84-bulk-sizes.aspx#6711|32|28.50
Banana_Nut_Bread,addtocart.aspx?ProductID=7439&VariantID=32526&returnURL=c-84-bulk-sizes.aspx#7439|4|6.50,addtocart.aspx?ProductID=7439&VariantID=32527&returnURL=c-84-bulk-sizes.aspx#7439|16|15.00,addtocart.aspx?ProductID=7439&VariantID=32528&returnURL=c-84-bulk-sizes.aspx#7439|32|28.50
Bananas_Foster,addtocart.aspx?ProductID=7594&VariantID=33390&returnURL=c-84-bulk-sizes.aspx#7594|4|8.75,addtocart.aspx?ProductID=7594&VariantID=33391&returnURL=c-84-bulk-sizes.aspx#7594|16|21.00,addtocart.aspx?ProductID=7594&VariantID=33392&returnURL=c-84-bulk-sizes.aspx#7594|32|39.90
Bavarian_Cream,addtocart.aspx?ProductID=6712&VariantID=30555&returnURL=c-84-bulk-sizes.aspx#6712|4|6.50,addtocart.aspx?ProductID=6712&VariantID=30556&returnURL=c-84-bulk-sizes.aspx#6712|16|17.50,addtocart.aspx?ProductID=6712&VariantID=30557&returnURL=c-84-bulk-sizes.aspx#6712|32|33.25
Bittersweet_Chocolate,addtocart.aspx?ProductID=6948&VariantID=31228&returnURL=c-84-bulk-sizes.aspx#6948|4|8.75,addtocart.aspx?ProductID=6948&VariantID=31229&returnURL=c-84-bulk-sizes.aspx#6948|16|26.00,addtocart.aspx?ProductID=6948&VariantID=31230&returnURL=c-84-bulk-sizes.aspx#6948|32|49.40
Black_Cherry,addtocart.aspx?ProductID=6714&VariantID=30563&returnURL=c-84-bulk-sizes.aspx#6714|4|6.00,addtocart.aspx?ProductID=6714&VariantID=30564&returnURL=c-84-bulk-sizes.aspx#6714|16|16.00,addtocart.aspx?ProductID=6714&VariantID=30565&returnURL=c-84-bulk-sizes.aspx#6714|32|30.40
Black_Currant,addtocart.aspx?ProductID=7421&VariantID=32453&returnURL=c-84-bulk-sizes.aspx#7421|4|6.50,addtocart.aspx?ProductID=7421&VariantID=32454&returnURL=c-84-bulk-sizes.aspx#7421|16|16.00,addtocart.aspx?ProductID=7421&VariantID=32455&returnURL=c-84-bulk-sizes.aspx#7421|32|32.00
Black_Honey_Tobacco,addtocart.aspx?ProductID=7411&VariantID=32412&returnURL=c-84-bulk-sizes.aspx#7411|4|8.00,addtocart.aspx?ProductID=7411&VariantID=32413&returnURL=c-84-bulk-sizes.aspx#7411|16|28.50,addtocart.aspx?ProductID=7411&VariantID=32414&returnURL=c-84-bulk-sizes.aspx#7411|32|38.95
Black_Sesame_Seed,addtocart.aspx?ProductID=7231&VariantID=31762&returnURL=c-84-bulk-sizes.aspx#7231|4|11.00,addtocart.aspx?ProductID=7231&VariantID=31763&returnURL=c-84-bulk-sizes.aspx#7231|16|35.00,addtocart.aspx?ProductID=7231&VariantID=31764&returnURL=c-84-bulk-sizes.aspx#7231|32|66.50
Black_Tea,addtocart.aspx?ProductID=7157&VariantID=31486&returnURL=c-84-bulk-sizes.aspx#7157|4|8.75,addtocart.aspx?ProductID=7157&VariantID=31487&returnURL=c-84-bulk-sizes.aspx#7157|16|21.00,addtocart.aspx?ProductID=7157&VariantID=31488&returnURL=c-84-bulk-sizes.aspx#7157|32|39.90
Blackberry,addtocart.aspx?ProductID=6715&VariantID=30567&returnURL=c-84-bulk-sizes.aspx#6715|4|6.50,addtocart.aspx?ProductID=6715&VariantID=30568&returnURL=c-84-bulk-sizes.aspx#6715|16|16.00,addtocart.aspx?ProductID=6715&VariantID=30569&returnURL=c-84-bulk-sizes.aspx#6715|32|30.40
Blueberry_Wild,addtocart.aspx?ProductID=7475&VariantID=32653&returnURL=c-84-bulk-sizes.aspx#7475|4|6.50,addtocart.aspx?ProductID=7475&VariantID=32654&returnURL=c-84-bulk-sizes.aspx#7475|16|15.00,addtocart.aspx?ProductID=7475&VariantID=32655&returnURL=c-84-bulk-sizes.aspx#7475|32|28.50
Blueberry_Candy,addtocart.aspx?ProductID=7510&VariantID=32751&returnURL=c-84-bulk-sizes.aspx#7510|4|8.75,addtocart.aspx?ProductID=7510&VariantID=32752&returnURL=c-84-bulk-sizes.aspx#7510|16|26.00,addtocart.aspx?ProductID=7510&VariantID=32753&returnURL=c-84-bulk-sizes.aspx#7510|32|49.40
Blueberry_Candy_Triacetin,addtocart.aspx?ProductID=7246&VariantID=31793&returnURL=c-84-bulk-sizes.aspx#7246|4|8.75,addtocart.aspx?ProductID=7246&VariantID=31794&returnURL=c-84-bulk-sizes.aspx#7246|16|26.00,addtocart.aspx?ProductID=7246&VariantID=31795&returnURL=c-84-bulk-sizes.aspx#7246|32|49.40
Blueberry_Extra,addtocart.aspx?ProductID=6716&VariantID=30571&returnURL=c-84-bulk-sizes.aspx#6716|4|5.50,addtocart.aspx?ProductID=6716&VariantID=30572&returnURL=c-84-bulk-sizes.aspx#6716|16|14.00,addtocart.aspx?ProductID=6716&VariantID=30573&returnURL=c-84-bulk-sizes.aspx#6716|32|25.00
Boysenberry,addtocart.aspx?ProductID=7247&VariantID=31796&returnURL=c-84-bulk-sizes.aspx#7247|4|8.75,addtocart.aspx?ProductID=7247&VariantID=31797&returnURL=c-84-bulk-sizes.aspx#7247|16|26.00,addtocart.aspx?ProductID=7247&VariantID=31798&returnURL=c-84-bulk-sizes.aspx#7247|32|49.40
Brandy,addtocart.aspx?ProductID=6717&VariantID=30575&returnURL=c-84-bulk-sizes.aspx#6717|4|6.50,addtocart.aspx?ProductID=6717&VariantID=30576&returnURL=c-84-bulk-sizes.aspx#6717|16|15.00,addtocart.aspx?ProductID=6717&VariantID=30577&returnURL=c-84-bulk-sizes.aspx#6717|32|28.50
Brown_Sugar_Extra,addtocart.aspx?ProductID=7043&VariantID=31325&returnURL=c-84-bulk-sizes.aspx#7043|4|8.75,addtocart.aspx?ProductID=7043&VariantID=31326&returnURL=c-84-bulk-sizes.aspx#7043|16|26.00,addtocart.aspx?ProductID=7043&VariantID=31327&returnURL=c-84-bulk-sizes.aspx#7043|32|49.40
Bubblegum_Juicy_Style,addtocart.aspx?ProductID=7345&VariantID=32102&returnURL=c-84-bulk-sizes.aspx#7345|4|6.50,addtocart.aspx?ProductID=7345&VariantID=32103&returnURL=c-84-bulk-sizes.aspx#7345|16|15.00,addtocart.aspx?ProductID=7345&VariantID=32104&returnURL=c-84-bulk-sizes.aspx#7345|32|28.50
Bubblegum,addtocart.aspx?ProductID=6791&VariantID=30830&returnURL=c-84-bulk-sizes.aspx#6791|4|6.00,addtocart.aspx?ProductID=6791&VariantID=30831&returnURL=c-84-bulk-sizes.aspx#6791|16|15.00,addtocart.aspx?ProductID=6791&VariantID=30832&returnURL=c-84-bulk-sizes.aspx#6791|32|28.50
Butter,addtocart.aspx?ProductID=6946&VariantID=31222&returnURL=c-84-bulk-sizes.aspx#6946|4|8.75,addtocart.aspx?ProductID=6946&VariantID=31223&returnURL=c-84-bulk-sizes.aspx#6946|16|21.00,addtocart.aspx?ProductID=6946&VariantID=31224&returnURL=c-84-bulk-sizes.aspx#6946|32|39.90
Butterscotch,addtocart.aspx?ProductID=7363&VariantID=32210&returnURL=c-84-bulk-sizes.aspx#7363|4|8.00,addtocart.aspx?ProductID=7363&VariantID=32211&returnURL=c-84-bulk-sizes.aspx#7363|16|20.00,addtocart.aspx?ProductID=7363&VariantID=32212&returnURL=c-84-bulk-sizes.aspx#7363|32|38.00
Cantaloupe,addtocart.aspx?ProductID=7274&VariantID=31873&returnURL=c-84-bulk-sizes.aspx#7274|4|8.75,addtocart.aspx?ProductID=7274&VariantID=31874&returnURL=c-84-bulk-sizes.aspx#7274|16|21.00,addtocart.aspx?ProductID=7274&VariantID=31875&returnURL=c-84-bulk-sizes.aspx#7274|32|39.90
Cappuccino,addtocart.aspx?ProductID=6718&VariantID=30579&returnURL=c-84-bulk-sizes.aspx#6718|4|6.50,addtocart.aspx?ProductID=6718&VariantID=30580&returnURL=c-84-bulk-sizes.aspx#6718|16|16.00,addtocart.aspx?ProductID=6718&VariantID=30581&returnURL=c-84-bulk-sizes.aspx#6718|32|30.40
Caramel,addtocart.aspx?ProductID=6879&VariantID=31076&returnURL=c-84-bulk-sizes.aspx#6879|4|6.50,addtocart.aspx?ProductID=6879&VariantID=31077&returnURL=c-84-bulk-sizes.aspx#6879|16|15.00,addtocart.aspx?ProductID=6879&VariantID=31078&returnURL=c-84-bulk-sizes.aspx#6879|32|28.50
Caramel_Candy,addtocart.aspx?ProductID=6719&VariantID=30583&returnURL=c-84-bulk-sizes.aspx#6719|4|6.50,addtocart.aspx?ProductID=6719&VariantID=30584&returnURL=c-84-bulk-sizes.aspx#6719|16|16.00,addtocart.aspx?ProductID=6719&VariantID=30585&returnURL=c-84-bulk-sizes.aspx#6719|32|30.40
Caramel_Cappuccino,addtocart.aspx?ProductID=7162&VariantID=31501&returnURL=c-84-bulk-sizes.aspx#7162|4|10.00,addtocart.aspx?ProductID=7162&VariantID=31502&returnURL=c-84-bulk-sizes.aspx#7162|16|32.00,addtocart.aspx?ProductID=7162&VariantID=31503&returnURL=c-84-bulk-sizes.aspx#7162|32|60.80
Chai_Tea,addtocart.aspx?ProductID=6884&VariantID=31095&returnURL=c-84-bulk-sizes.aspx#6884|4|8.00,addtocart.aspx?ProductID=6884&VariantID=31096&returnURL=c-84-bulk-sizes.aspx#6884|16|20.00,addtocart.aspx?ProductID=6884&VariantID=31097&returnURL=c-84-bulk-sizes.aspx#6884|32|38.00
Champagne_Type,addtocart.aspx?ProductID=7314&VariantID=32000&returnURL=c-84-bulk-sizes.aspx#7314|4|6.50,addtocart.aspx?ProductID=7314&VariantID=32001&returnURL=c-84-bulk-sizes.aspx#7314|16|15.00,addtocart.aspx?ProductID=7314&VariantID=32002&returnURL=c-84-bulk-sizes.aspx#7314|32|28.50
Cheesecake_Graham_Crust,addtocart.aspx?ProductID=7349&VariantID=32118&returnURL=c-84-bulk-sizes.aspx#7349|4|7.50,addtocart.aspx?ProductID=7349&VariantID=32119&returnURL=c-84-bulk-sizes.aspx#7349|16|18.00,addtocart.aspx?ProductID=7349&VariantID=32120&returnURL=c-84-bulk-sizes.aspx#7349|32|35.00
Cheesecake,addtocart.aspx?ProductID=6722&VariantID=30595&returnURL=c-84-bulk-sizes.aspx#6722|4|6.50,addtocart.aspx?ProductID=6722&VariantID=30596&returnURL=c-84-bulk-sizes.aspx#6722|16|15.00,addtocart.aspx?ProductID=6722&VariantID=30597&returnURL=c-84-bulk-sizes.aspx#6722|32|28.50
Cherry_Blossom,addtocart.aspx?ProductID=7442&VariantID=32539&returnURL=c-84-bulk-sizes.aspx#7442|4|8.75,addtocart.aspx?ProductID=7442&VariantID=32540&returnURL=c-84-bulk-sizes.aspx#7442|16|26.00,addtocart.aspx?ProductID=7442&VariantID=32541&returnURL=c-84-bulk-sizes.aspx#7442|32|49.40
Cherry_Extract,addtocart.aspx?ProductID=7578&VariantID=33328&returnURL=c-84-bulk-sizes.aspx#7578|4|6.50,addtocart.aspx?ProductID=7578&VariantID=33329&returnURL=c-84-bulk-sizes.aspx#7578|16|15.00,addtocart.aspx?ProductID=7578&VariantID=33330&returnURL=c-84-bulk-sizes.aspx#7578|32|28.50
Chocolate,addtocart.aspx?ProductID=6723&VariantID=30599&returnURL=c-84-bulk-sizes.aspx#6723|4|6.50,addtocart.aspx?ProductID=6723&VariantID=30600&returnURL=c-84-bulk-sizes.aspx#6723|16|15.00,addtocart.aspx?ProductID=6723&VariantID=30601&returnURL=c-84-bulk-sizes.aspx#6723|32|28.50
Cinnamon_Danish,addtocart.aspx?ProductID=7346&VariantID=32106&returnURL=c-84-bulk-sizes.aspx#7346|4|7.50,addtocart.aspx?ProductID=7346&VariantID=32107&returnURL=c-84-bulk-sizes.aspx#7346|16|18.00,addtocart.aspx?ProductID=7346&VariantID=32108&returnURL=c-84-bulk-sizes.aspx#7346|32|35.00
Cinnamon,addtocart.aspx?ProductID=6725&VariantID=30607&returnURL=c-84-bulk-sizes.aspx#6725|4|7.50,addtocart.aspx?ProductID=6725&VariantID=30608&returnURL=c-84-bulk-sizes.aspx#6725|16|18.00,addtocart.aspx?ProductID=6725&VariantID=30609&returnURL=c-84-bulk-sizes.aspx#6725|32|34.00
Cinnamon_Red_Hot,addtocart.aspx?ProductID=7542&VariantID=33161&returnURL=c-84-bulk-sizes.aspx#7542|4|6.50,addtocart.aspx?ProductID=7542&VariantID=33162&returnURL=c-84-bulk-sizes.aspx#7542|16|15.00,addtocart.aspx?ProductID=7542&VariantID=33163&returnURL=c-84-bulk-sizes.aspx#7542|32|28.50
Cinnamon_Spice,addtocart.aspx?ProductID=7402&VariantID=32373&returnURL=c-84-bulk-sizes.aspx#7402|4|5.50,addtocart.aspx?ProductID=7402&VariantID=32374&returnURL=c-84-bulk-sizes.aspx#7402|16|16.00,addtocart.aspx?ProductID=7402&VariantID=32375&returnURL=c-84-bulk-sizes.aspx#7402|32|30.00
Cinnamon_Sugar_Cookie,addtocart.aspx?ProductID=7445&VariantID=32565&returnURL=c-84-bulk-sizes.aspx#7445|4|6.50,addtocart.aspx?ProductID=7445&VariantID=32566&returnURL=c-84-bulk-sizes.aspx#7445|16|16.00,addtocart.aspx?ProductID=7445&VariantID=32567&returnURL=c-84-bulk-sizes.aspx#7445|32|31.00
Citrus_Punch,addtocart.aspx?ProductID=6749&VariantID=30703&returnURL=c-84-bulk-sizes.aspx#6749|4|6.50,addtocart.aspx?ProductID=6749&VariantID=30704&returnURL=c-84-bulk-sizes.aspx#6749|16|15.00,addtocart.aspx?ProductID=6749&VariantID=30705&returnURL=c-84-bulk-sizes.aspx#6749|32|28.50
Clove,addtocart.aspx?ProductID=6727&VariantID=30615&returnURL=c-84-bulk-sizes.aspx#6727|4|6.50,addtocart.aspx?ProductID=6727&VariantID=30616&returnURL=c-84-bulk-sizes.aspx#6727|16|17.00,addtocart.aspx?ProductID=6727&VariantID=30617&returnURL=c-84-bulk-sizes.aspx#6727|32|32.00
Coconut_Candy,addtocart.aspx?ProductID=7436&VariantID=32514&returnURL=c-84-bulk-sizes.aspx#7436|4|7.50,addtocart.aspx?ProductID=7436&VariantID=32515&returnURL=c-84-bulk-sizes.aspx#7436|16|18.00,addtocart.aspx?ProductID=7436&VariantID=32516&returnURL=c-84-bulk-sizes.aspx#7436|32|34.00
Coconut_Extra,addtocart.aspx?ProductID=6912&VariantID=31151&returnURL=c-84-bulk-sizes.aspx#6912|4|8.75,addtocart.aspx?ProductID=6912&VariantID=31152&returnURL=c-84-bulk-sizes.aspx#6912|16|26.00,addtocart.aspx?ProductID=6912&VariantID=31153&returnURL=c-84-bulk-sizes.aspx#6912|32|49.40
Coconut,addtocart.aspx?ProductID=6728&VariantID=30619&returnURL=c-84-bulk-sizes.aspx#6728|4|5.00,addtocart.aspx?ProductID=6728&VariantID=30620&returnURL=c-84-bulk-sizes.aspx#6728|16|15.00,addtocart.aspx?ProductID=6728&VariantID=30621&returnURL=c-84-bulk-sizes.aspx#6728|32|27.00
Coffee_Kona,addtocart.aspx?ProductID=7253&VariantID=31816&returnURL=c-84-bulk-sizes.aspx#7253|4|7.50,addtocart.aspx?ProductID=7253&VariantID=31817&returnURL=c-84-bulk-sizes.aspx#7253|16|17.00,addtocart.aspx?ProductID=7253&VariantID=31818&returnURL=c-84-bulk-sizes.aspx#7253|32|32.50
Coffee,addtocart.aspx?ProductID=6729&VariantID=30623&returnURL=c-84-bulk-sizes.aspx#6729|4|6.50,addtocart.aspx?ProductID=6729&VariantID=30624&returnURL=c-84-bulk-sizes.aspx#6729|16|17.00,addtocart.aspx?ProductID=6729&VariantID=30625&returnURL=c-84-bulk-sizes.aspx#6729|32|32.30
Coffee_Extra_Clear,addtocart.aspx?ProductID=7252&VariantID=31812&returnURL=c-84-bulk-sizes.aspx#7252|4|14.00,addtocart.aspx?ProductID=7252&VariantID=31813&returnURL=c-84-bulk-sizes.aspx#7252|16|45.00,addtocart.aspx?ProductID=7252&VariantID=31814&returnURL=c-84-bulk-sizes.aspx#7252|32|90.00
Cognac_Oil_Blend,addtocart.aspx?ProductID=7401&VariantID=32369&returnURL=c-84-bulk-sizes.aspx#7401|100|,addtocart.aspx?ProductID=7401&VariantID=32370&returnURL=c-84-bulk-sizes.aspx#7401|4|20.00,
Cola_Cherry,addtocart.aspx?ProductID=7570&VariantID=33289&returnURL=c-84-bulk-sizes.aspx#7570|4|9.00,addtocart.aspx?ProductID=7570&VariantID=33290&returnURL=c-84-bulk-sizes.aspx#7570|16|26.00,addtocart.aspx?ProductID=7570&VariantID=33291&returnURL=c-84-bulk-sizes.aspx#7570|32|50.00
Cola,addtocart.aspx?ProductID=6796&VariantID=30837&returnURL=c-84-bulk-sizes.aspx#6796|4|7.50,addtocart.aspx?ProductID=6796&VariantID=30862&returnURL=c-84-bulk-sizes.aspx#6796|16|21.00,addtocart.aspx?ProductID=6796&VariantID=30863&returnURL=c-84-bulk-sizes.aspx#6796|32|39.00
Cola_Concentrate,addtocart.aspx?ProductID=7299&VariantID=31946&returnURL=c-84-bulk-sizes.aspx#7299|4|15.00,addtocart.aspx?ProductID=7299&VariantID=31947&returnURL=c-84-bulk-sizes.aspx#7299|100|,addtocart.aspx?ProductID=7299&VariantID=31948&returnURL=c-84-bulk-sizes.aspx#7299|100|
Cola_Syrup,addtocart.aspx?ProductID=7348&VariantID=32114&returnURL=c-84-bulk-sizes.aspx#7348|4|7.50,addtocart.aspx?ProductID=7348&VariantID=32115&returnURL=c-84-bulk-sizes.aspx#7348|16|18.00,addtocart.aspx?ProductID=7348&VariantID=32116&returnURL=c-84-bulk-sizes.aspx#7348|32|34.00
Circus_Cotton_Candy,addtocart.aspx?ProductID=7335&VariantID=32071&returnURL=c-84-bulk-sizes.aspx#7335|4|8.75,addtocart.aspx?ProductID=7335&VariantID=32072&returnURL=c-84-bulk-sizes.aspx#7335|16|21.00,addtocart.aspx?ProductID=7335&VariantID=32073&returnURL=c-84-bulk-sizes.aspx#7335|32|39.90
Cotton_Candy,addtocart.aspx?ProductID=6730&VariantID=30627&returnURL=c-84-bulk-sizes.aspx#6730|4|6.00,addtocart.aspx?ProductID=6730&VariantID=30628&returnURL=c-84-bulk-sizes.aspx#6730|16|15.00,addtocart.aspx?ProductID=6730&VariantID=30629&returnURL=c-84-bulk-sizes.aspx#6730|32|25.00
Cranberry,addtocart.aspx?ProductID=7161&VariantID=31498&returnURL=c-84-bulk-sizes.aspx#7161|4|5.00,addtocart.aspx?ProductID=7161&VariantID=31499&returnURL=c-84-bulk-sizes.aspx#7161|16|15.00,addtocart.aspx?ProductID=7161&VariantID=31500&returnURL=c-84-bulk-sizes.aspx#7161|32|28.00
Creme_De_Menthe,addtocart.aspx?ProductID=6731&VariantID=30631&returnURL=c-84-bulk-sizes.aspx#6731|4|6.50,addtocart.aspx?ProductID=6731&VariantID=30632&returnURL=c-84-bulk-sizes.aspx#6731|16|16.00,addtocart.aspx?ProductID=6731&VariantID=30633&returnURL=c-84-bulk-sizes.aspx#6731|32|30.40
Cubano_Type,addtocart.aspx?ProductID=7566&VariantID=33232&returnURL=c-84-bulk-sizes.aspx#7566|4|7.50,addtocart.aspx?ProductID=7566&VariantID=33233&returnURL=c-84-bulk-sizes.aspx#7566|16|18.00,addtocart.aspx?ProductID=7566&VariantID=33234&returnURL=c-84-bulk-sizes.aspx#7566|32|35.00
Dairy_Milk,addtocart.aspx?ProductID=7288&VariantID=31913&returnURL=c-84-bulk-sizes.aspx#7288|4|6.50,addtocart.aspx?ProductID=7288&VariantID=31914&returnURL=c-84-bulk-sizes.aspx#7288|16|15.00,addtocart.aspx?ProductID=7288&VariantID=31915&returnURL=c-84-bulk-sizes.aspx#7288|32|28.50
Dill_Pickle,addtocart.aspx?ProductID=7276&VariantID=31879&returnURL=c-84-bulk-sizes.aspx#7276|4|14.00,addtocart.aspx?ProductID=7276&VariantID=31880&returnURL=c-84-bulk-sizes.aspx#7276|16|42.00,addtocart.aspx?ProductID=7276&VariantID=32167&returnURL=c-84-bulk-sizes.aspx#7276|100|280.00
DK_Tobacco_Base,addtocart.aspx?ProductID=7137&VariantID=31433&returnURL=c-84-bulk-sizes.aspx#7137|4|10.00,addtocart.aspx?ProductID=7137&VariantID=31434&returnURL=c-84-bulk-sizes.aspx#7137|16|30.00,addtocart.aspx?ProductID=7137&VariantID=31435&returnURL=c-84-bulk-sizes.aspx#7137|32|50.00
Double_Chocolate_Clear,addtocart.aspx?ProductID=7212&VariantID=31682&returnURL=c-84-bulk-sizes.aspx#7212|4|9.00,addtocart.aspx?ProductID=7212&VariantID=31683&returnURL=c-84-bulk-sizes.aspx#7212|16|26.00,addtocart.aspx?ProductID=7212&VariantID=31684&returnURL=c-84-bulk-sizes.aspx#7212|32|49.00
Double_Chocolate_Dark,addtocart.aspx?ProductID=7248&VariantID=31799&returnURL=c-84-bulk-sizes.aspx#7248|4|8.00,addtocart.aspx?ProductID=7248&VariantID=31800&returnURL=c-84-bulk-sizes.aspx#7248|16|20.00,addtocart.aspx?ProductID=7248&VariantID=31801&returnURL=c-84-bulk-sizes.aspx#7248|32|38.00
Dragonfruit,addtocart.aspx?ProductID=7383&VariantID=32294&returnURL=c-84-bulk-sizes.aspx#7383|4|6.00,addtocart.aspx?ProductID=7383&VariantID=32295&returnURL=c-84-bulk-sizes.aspx#7383|16|16.00,addtocart.aspx?ProductID=7383&VariantID=32296&returnURL=c-84-bulk-sizes.aspx#7383|32|30.40
Dulce_De_Leche,addtocart.aspx?ProductID=6883&VariantID=31092&returnURL=c-84-bulk-sizes.aspx#6883|4|8.00,addtocart.aspx?ProductID=6883&VariantID=31093&returnURL=c-84-bulk-sizes.aspx#6883|16|20.00,addtocart.aspx?ProductID=6883&VariantID=31094&returnURL=c-84-bulk-sizes.aspx#6883|32|38.00
Earl_Grey_Tea,addtocart.aspx?ProductID=6869&VariantID=31056&returnURL=c-84-bulk-sizes.aspx#6869|4|8.75,addtocart.aspx?ProductID=6869&VariantID=31057&returnURL=c-84-bulk-sizes.aspx#6869|16|25.00,addtocart.aspx?ProductID=6869&VariantID=31058&returnURL=c-84-bulk-sizes.aspx#6869|32|47.50
Egg_Nog,addtocart.aspx?ProductID=7522&VariantID=32798&returnURL=c-84-bulk-sizes.aspx#7522|4|8.00,addtocart.aspx?ProductID=7522&VariantID=32799&returnURL=c-84-bulk-sizes.aspx#7522|16|20.00,addtocart.aspx?ProductID=7522&VariantID=32800&returnURL=c-84-bulk-sizes.aspx#7522|32|38.00
Elderberry,addtocart.aspx?ProductID=7549&VariantID=33188&returnURL=c-84-bulk-sizes.aspx#7549|4|6.50,addtocart.aspx?ProductID=7549&VariantID=33189&returnURL=c-84-bulk-sizes.aspx#7549|16|17.00,addtocart.aspx?ProductID=7549&VariantID=33190&returnURL=c-84-bulk-sizes.aspx#7549|32|35.00
Energy_Drink,addtocart.aspx?ProductID=6756&VariantID=30731&returnURL=c-84-bulk-sizes.aspx#6756|4|6.50,addtocart.aspx?ProductID=6756&VariantID=30732&returnURL=c-84-bulk-sizes.aspx#6756|16|15.00,addtocart.aspx?ProductID=6756&VariantID=30733&returnURL=c-84-bulk-sizes.aspx#6756|32|28.50
English_Toffee,addtocart.aspx?ProductID=6732&VariantID=30635&returnURL=c-84-bulk-sizes.aspx#6732|4|8.00,addtocart.aspx?ProductID=6732&VariantID=30636&returnURL=c-84-bulk-sizes.aspx#6732|16|20.00,addtocart.aspx?ProductID=6732&VariantID=30637&returnURL=c-84-bulk-sizes.aspx#6732|32|38.00
Espresso,addtocart.aspx?ProductID=7491&VariantID=32685&returnURL=c-84-bulk-sizes.aspx#7491|4|6.50,addtocart.aspx?ProductID=7491&VariantID=32686&returnURL=c-84-bulk-sizes.aspx#7491|16|17.00,addtocart.aspx?ProductID=7491&VariantID=32687&returnURL=c-84-bulk-sizes.aspx#7491|32|32.30
Ethyl_Maltol,addtocart.aspx?ProductID=6733&VariantID=30639&returnURL=c-84-bulk-sizes.aspx#6733|4|10.00,addtocart.aspx?ProductID=6733&VariantID=30640&returnURL=c-84-bulk-sizes.aspx#6733|16|30.00,addtocart.aspx?ProductID=6733&VariantID=30641&returnURL=c-84-bulk-sizes.aspx#6733|32|
Eugenol,addtocart.aspx?ProductID=7289&VariantID=31917&returnURL=c-84-bulk-sizes.aspx#7289|16|50.00,,
Flue_Cured,addtocart.aspx?ProductID=7492&VariantID=32689&returnURL=c-84-bulk-sizes.aspx#7492|4|14.00,addtocart.aspx?ProductID=7492&VariantID=32690&returnURL=c-84-bulk-sizes.aspx#7492|16|50.00,addtocart.aspx?ProductID=7492&VariantID=32691&returnURL=c-84-bulk-sizes.aspx#7492|32|94.00
French_Vanilla_Deluxe,addtocart.aspx?ProductID=7230&VariantID=31759&returnURL=c-84-bulk-sizes.aspx#7230|4|8.00,addtocart.aspx?ProductID=7230&VariantID=31760&returnURL=c-84-bulk-sizes.aspx#7230|16|20.00,addtocart.aspx?ProductID=7230&VariantID=31761&returnURL=c-84-bulk-sizes.aspx#7230|32|38.00
French_Vanilla,addtocart.aspx?ProductID=6734&VariantID=30643&returnURL=c-84-bulk-sizes.aspx#6734|4|5.50,addtocart.aspx?ProductID=6734&VariantID=30644&returnURL=c-84-bulk-sizes.aspx#6734|16|16.00,addtocart.aspx?ProductID=6734&VariantID=30645&returnURL=c-84-bulk-sizes.aspx#6734|32|30.00
Fruit_Circles,addtocart.aspx?ProductID=7625&VariantID=33506&returnURL=c-84-bulk-sizes.aspx#7625|4|8.00,addtocart.aspx?ProductID=7625&VariantID=33507&returnURL=c-84-bulk-sizes.aspx#7625|16|20.00,addtocart.aspx?ProductID=7625&VariantID=33508&returnURL=c-84-bulk-sizes.aspx#7625|32|38.00
Fudge_Brownie,addtocart.aspx?ProductID=7580&VariantID=33336&returnURL=c-84-bulk-sizes.aspx#7580|4|8.75,addtocart.aspx?ProductID=7580&VariantID=33337&returnURL=c-84-bulk-sizes.aspx#7580|16|21.00,addtocart.aspx?ProductID=7580&VariantID=33338&returnURL=c-84-bulk-sizes.aspx#7580|32|39.00
Ginger_Ale,addtocart.aspx?ProductID=7595&VariantID=33396&returnURL=c-84-bulk-sizes.aspx#7595|4|8.75,addtocart.aspx?ProductID=7595&VariantID=33397&returnURL=c-84-bulk-sizes.aspx#7595|16|24.00,addtocart.aspx?ProductID=7595&VariantID=33398&returnURL=c-84-bulk-sizes.aspx#7595|32|43.00
Gingerbread_Cookie,addtocart.aspx?ProductID=7521&VariantID=32793&returnURL=c-84-bulk-sizes.aspx#7521|4|11.00,addtocart.aspx?ProductID=7521&VariantID=32794&returnURL=c-84-bulk-sizes.aspx#7521|16|34.00,addtocart.aspx?ProductID=7521&VariantID=32795&returnURL=c-84-bulk-sizes.aspx#7521|32|62.00
Gingerbread,addtocart.aspx?ProductID=7044&VariantID=31328&returnURL=c-84-bulk-sizes.aspx#7044|4|6.50,addtocart.aspx?ProductID=7044&VariantID=31329&returnURL=c-84-bulk-sizes.aspx#7044|16|15.00,addtocart.aspx?ProductID=7044&VariantID=31330&returnURL=c-84-bulk-sizes.aspx#7044|32|28.50
Graham_Cracker_Clear,addtocart.aspx?ProductID=7505&VariantID=32717&returnURL=c-84-bulk-sizes.aspx#7505|4|7.50,addtocart.aspx?ProductID=7505&VariantID=32718&returnURL=c-84-bulk-sizes.aspx#7505|16|17.00,addtocart.aspx?ProductID=7505&VariantID=32719&returnURL=c-84-bulk-sizes.aspx#7505|32|32.30
Graham_Cracker,addtocart.aspx?ProductID=6735&VariantID=30647&returnURL=c-84-bulk-sizes.aspx#6735|4|8.75,addtocart.aspx?ProductID=6735&VariantID=30648&returnURL=c-84-bulk-sizes.aspx#6735|16|21.00,addtocart.aspx?ProductID=6735&VariantID=30649&returnURL=c-84-bulk-sizes.aspx#6735|32|39.90
Grape_Candy,addtocart.aspx?ProductID=7511&VariantID=32755&returnURL=c-84-bulk-sizes.aspx#7511|4|6.50,addtocart.aspx?ProductID=7511&VariantID=32756&returnURL=c-84-bulk-sizes.aspx#7511|16|16.00,addtocart.aspx?ProductID=7511&VariantID=32757&returnURL=c-84-bulk-sizes.aspx#7511|32|31.00
Grape_Juice,addtocart.aspx?ProductID=6865&VariantID=31044&returnURL=c-84-bulk-sizes.aspx#6865|4|6.50,addtocart.aspx?ProductID=6865&VariantID=31045&returnURL=c-84-bulk-sizes.aspx#6865|16|15.00,addtocart.aspx?ProductID=6865&VariantID=31046&returnURL=c-84-bulk-sizes.aspx#6865|32|28.50
Green_Apple,addtocart.aspx?ProductID=6736&VariantID=30651&returnURL=c-84-bulk-sizes.aspx#6736|4|7.00,addtocart.aspx?ProductID=6736&VariantID=30652&returnURL=c-84-bulk-sizes.aspx#6736|16|17.00,addtocart.aspx?ProductID=6736&VariantID=30653&returnURL=c-84-bulk-sizes.aspx#6736|32|32.30
Green_Tea,addtocart.aspx?ProductID=6846&VariantID=30987&returnURL=c-84-bulk-sizes.aspx#6846|4|7.50,addtocart.aspx?ProductID=6846&VariantID=30988&returnURL=c-84-bulk-sizes.aspx#6846|16|17.00,addtocart.aspx?ProductID=6846&VariantID=30989&returnURL=c-84-bulk-sizes.aspx#6846|32|32.30
Guava,addtocart.aspx?ProductID=7556&VariantID=33207&returnURL=c-84-bulk-sizes.aspx#7556|4|8.75,addtocart.aspx?ProductID=7556&VariantID=33208&returnURL=c-84-bulk-sizes.aspx#7556|16|24.00,addtocart.aspx?ProductID=7556&VariantID=33209&returnURL=c-84-bulk-sizes.aspx#7556|32|43.00
Gummy_Candy,addtocart.aspx?ProductID=7539&VariantID=32883&returnURL=c-84-bulk-sizes.aspx#7539|4|7.50,addtocart.aspx?ProductID=7539&VariantID=32884&returnURL=c-84-bulk-sizes.aspx#7539|16|17.00,addtocart.aspx?ProductID=7539&VariantID=32885&returnURL=c-84-bulk-sizes.aspx#7539|32|32.30
Hawaiian_Drink,addtocart.aspx?ProductID=7381&VariantID=32286&returnURL=c-84-bulk-sizes.aspx#7381|4|8.75,addtocart.aspx?ProductID=7381&VariantID=32287&returnURL=c-84-bulk-sizes.aspx#7381|16|25.00,addtocart.aspx?ProductID=7381&VariantID=32288&returnURL=c-84-bulk-sizes.aspx#7381|32|47.50
Hazelnut,addtocart.aspx?ProductID=6737&VariantID=30655&returnURL=c-84-bulk-sizes.aspx#6737|4|6.50,addtocart.aspx?ProductID=6737&VariantID=30656&returnURL=c-84-bulk-sizes.aspx#6737|16|17.00,addtocart.aspx?ProductID=6737&VariantID=30657&returnURL=c-84-bulk-sizes.aspx#6737|32|32.30
Hazelnut_Praline,addtocart.aspx?ProductID=6738&VariantID=30659&returnURL=c-84-bulk-sizes.aspx#6738|4|6.50,addtocart.aspx?ProductID=6738&VariantID=30660&returnURL=c-84-bulk-sizes.aspx#6738|16|17.00,addtocart.aspx?ProductID=6738&VariantID=30661&returnURL=c-84-bulk-sizes.aspx#6738|32|32.30
Hibiscus,addtocart.aspx?ProductID=7366&VariantID=32226&returnURL=c-84-bulk-sizes.aspx#7366|4|7.50,addtocart.aspx?ProductID=7366&VariantID=32227&returnURL=c-84-bulk-sizes.aspx#7366|16|18.00,addtocart.aspx?ProductID=7366&VariantID=32228&returnURL=c-84-bulk-sizes.aspx#7366|32|35.00
Hickory_Smoke,addtocart.aspx?ProductID=7181&VariantID=31591&returnURL=c-84-bulk-sizes.aspx#7181|4|6.50,addtocart.aspx?ProductID=7181&VariantID=31592&returnURL=c-84-bulk-sizes.aspx#7181|16|15.00,addtocart.aspx?ProductID=7181&VariantID=31593&returnURL=c-84-bulk-sizes.aspx#7181|32|28.50
Holiday_Spice,addtocart.aspx?ProductID=7400&VariantID=32365&returnURL=c-84-bulk-sizes.aspx#7400|4|8.75,addtocart.aspx?ProductID=7400&VariantID=32366&returnURL=c-84-bulk-sizes.aspx#7400|16|25.00,addtocart.aspx?ProductID=7400&VariantID=32367&returnURL=c-84-bulk-sizes.aspx#7400|32|47.50
Honey,addtocart.aspx?ProductID=6739&VariantID=30663&returnURL=c-84-bulk-sizes.aspx#6739|4|6.50,addtocart.aspx?ProductID=6739&VariantID=30664&returnURL=c-84-bulk-sizes.aspx#6739|16|15.00,addtocart.aspx?ProductID=6739&VariantID=30665&returnURL=c-84-bulk-sizes.aspx#6739|32|28.50
Honeydew,addtocart.aspx?ProductID=7493&VariantID=32694&returnURL=c-84-bulk-sizes.aspx#7493|4|14.00,addtocart.aspx?ProductID=7493&VariantID=32695&returnURL=c-84-bulk-sizes.aspx#7493|16|42.00,addtocart.aspx?ProductID=7493&VariantID=32696&returnURL=c-84-bulk-sizes.aspx#7493|32|80.00
Honeysuckle,addtocart.aspx?ProductID=7523&VariantID=32807&returnURL=c-84-bulk-sizes.aspx#7523|4|8.75,addtocart.aspx?ProductID=7523&VariantID=32808&returnURL=c-84-bulk-sizes.aspx#7523|16|24.00,addtocart.aspx?ProductID=7523&VariantID=32809&returnURL=c-84-bulk-sizes.aspx#7523|32|43.00
Horchata,addtocart.aspx?ProductID=7474&VariantID=32647&returnURL=c-84-bulk-sizes.aspx#7474|4|8.75,addtocart.aspx?ProductID=7474&VariantID=32648&returnURL=c-84-bulk-sizes.aspx#7474|16|21.00,addtocart.aspx?ProductID=7474&VariantID=32649&returnURL=c-84-bulk-sizes.aspx#7474|32|39.00
Horchata_Smooth,addtocart.aspx?ProductID=7608&VariantID=33453&returnURL=c-84-bulk-sizes.aspx#7608|4|8.75,addtocart.aspx?ProductID=7608&VariantID=33454&returnURL=c-84-bulk-sizes.aspx#7608|16|24.00,addtocart.aspx?ProductID=7608&VariantID=33455&returnURL=c-84-bulk-sizes.aspx#7608|100|129.00
Horehound,addtocart.aspx?ProductID=7214&VariantID=31688&returnURL=c-84-bulk-sizes.aspx#7214|4|6.50,addtocart.aspx?ProductID=7214&VariantID=31689&returnURL=c-84-bulk-sizes.aspx#7214|16|15.00,addtocart.aspx?ProductID=7214&VariantID=31690&returnURL=c-84-bulk-sizes.aspx#7214|32|28.50
Hpno_Type_,addtocart.aspx?ProductID=7330&VariantID=32056&returnURL=c-84-bulk-sizes.aspx#7330|4|6.50,addtocart.aspx?ProductID=7330&VariantID=32057&returnURL=c-84-bulk-sizes.aspx#7330|16|16.00,addtocart.aspx?ProductID=7330&VariantID=32058&returnURL=c-84-bulk-sizes.aspx#7330|32|30.40
Huckleberry,addtocart.aspx?ProductID=7256&VariantID=31827&returnURL=c-84-bulk-sizes.aspx#7256|4|8.00,addtocart.aspx?ProductID=7256&VariantID=31828&returnURL=c-84-bulk-sizes.aspx#7256|16|20.00,addtocart.aspx?ProductID=7256&VariantID=31829&returnURL=c-84-bulk-sizes.aspx#7256|32|38.00
Irish_Cream,addtocart.aspx?ProductID=7379&VariantID=32278&returnURL=c-84-bulk-sizes.aspx#7379|4|6.50,addtocart.aspx?ProductID=7379&VariantID=32279&returnURL=c-84-bulk-sizes.aspx#7379|16|15.00,addtocart.aspx?ProductID=7379&VariantID=32280&returnURL=c-84-bulk-sizes.aspx#7379|32|28.50
Jackfruit,addtocart.aspx?ProductID=7588&VariantID=33368&returnURL=c-84-bulk-sizes.aspx#7588|4|8.75,addtocart.aspx?ProductID=7588&VariantID=33369&returnURL=c-84-bulk-sizes.aspx#7588|16|21.00,addtocart.aspx?ProductID=7588&VariantID=33370&returnURL=c-84-bulk-sizes.aspx#7588|32|40.00
Jalapeno,addtocart.aspx?ProductID=7158&VariantID=31489&returnURL=c-84-bulk-sizes.aspx#7158|4|9.00,addtocart.aspx?ProductID=7158&VariantID=31490&returnURL=c-84-bulk-sizes.aspx#7158|16|26.00,addtocart.aspx?ProductID=7158&VariantID=31491&returnURL=c-84-bulk-sizes.aspx#7158|32|50.00
Jamaican_Rum,addtocart.aspx?ProductID=6740&VariantID=30667&returnURL=c-84-bulk-sizes.aspx#6740|4|6.50,addtocart.aspx?ProductID=6740&VariantID=30668&returnURL=c-84-bulk-sizes.aspx#6740|16|15.00,addtocart.aspx?ProductID=6740&VariantID=30669&returnURL=c-84-bulk-sizes.aspx#6740|32|28.50
Kalua_and_Cream_Type,addtocart.aspx?ProductID=7520&VariantID=32788&returnURL=c-84-bulk-sizes.aspx#7520|4|11.00,addtocart.aspx?ProductID=7520&VariantID=32789&returnURL=c-84-bulk-sizes.aspx#7520|16|34.00,addtocart.aspx?ProductID=7520&VariantID=32790&returnURL=c-84-bulk-sizes.aspx#7520|32|62.00
Kentucky_Bourbon,addtocart.aspx?ProductID=7380&VariantID=32282&returnURL=c-84-bulk-sizes.aspx#7380|4|7.00,addtocart.aspx?ProductID=7380&VariantID=32283&returnURL=c-84-bulk-sizes.aspx#7380|16|18.00,addtocart.aspx?ProductID=7380&VariantID=32284&returnURL=c-84-bulk-sizes.aspx#7380|32|34.20
Kettle_Corn,addtocart.aspx?ProductID=7368&VariantID=32234&returnURL=c-84-bulk-sizes.aspx#7368|4|6.50,addtocart.aspx?ProductID=7368&VariantID=32235&returnURL=c-84-bulk-sizes.aspx#7368|16|16.00,addtocart.aspx?ProductID=7368&VariantID=32553&returnURL=c-84-bulk-sizes.aspx#7368|100|lead
Key_Lime,addtocart.aspx?ProductID=6870&VariantID=31059&returnURL=c-84-bulk-sizes.aspx#6870|4|5.50,addtocart.aspx?ProductID=6870&VariantID=31060&returnURL=c-84-bulk-sizes.aspx#6870|16|15.00,addtocart.aspx?ProductID=6870&VariantID=31061&returnURL=c-84-bulk-sizes.aspx#6870|32|28.50
Kiwi_Double,addtocart.aspx?ProductID=7438&VariantID=32522&returnURL=c-84-bulk-sizes.aspx#7438|4|6.50,addtocart.aspx?ProductID=7438&VariantID=32523&returnURL=c-84-bulk-sizes.aspx#7438|16|17.00,addtocart.aspx?ProductID=7438&VariantID=32524&returnURL=c-84-bulk-sizes.aspx#7438|32|32.30
Koolada,addtocart.aspx?ProductID=7174&VariantID=31569&returnURL=c-84-bulk-sizes.aspx#7174|4|,addtocart.aspx?ProductID=7174&VariantID=31570&returnURL=c-84-bulk-sizes.aspx#7174|16|24.00,addtocart.aspx?ProductID=7174&VariantID=31571&returnURL=c-84-bulk-sizes.aspx#7174|32|43.00
Lemon,addtocart.aspx?ProductID=6885&VariantID=31098&returnURL=c-84-bulk-sizes.aspx#6885|4|6.50,addtocart.aspx?ProductID=6885&VariantID=31099&returnURL=c-84-bulk-sizes.aspx#6885|16|15.00,addtocart.aspx?ProductID=6885&VariantID=31100&returnURL=c-84-bulk-sizes.aspx#6885|32|28.50
Lemon_Lime,addtocart.aspx?ProductID=7384&VariantID=32298&returnURL=c-84-bulk-sizes.aspx#7384|4|7.50,addtocart.aspx?ProductID=7384&VariantID=32299&returnURL=c-84-bulk-sizes.aspx#7384|16|17.00,addtocart.aspx?ProductID=7384&VariantID=32300&returnURL=c-84-bulk-sizes.aspx#7384|32|32.30
Lychee,addtocart.aspx?ProductID=7416&VariantID=32436&returnURL=c-84-bulk-sizes.aspx#7416|4|6.50,addtocart.aspx?ProductID=7416&VariantID=32437&returnURL=c-84-bulk-sizes.aspx#7416|16|16.00,addtocart.aspx?ProductID=7416&VariantID=32438&returnURL=c-84-bulk-sizes.aspx#7416|32|31.00
MType_Premium,addtocart.aspx?ProductID=7312&VariantID=31994&returnURL=c-84-bulk-sizes.aspx#7312|4|14.00,addtocart.aspx?ProductID=7312&VariantID=31995&returnURL=c-84-bulk-sizes.aspx#7312|16|50.00,addtocart.aspx?ProductID=7312&VariantID=31996&returnURL=c-84-bulk-sizes.aspx#7312|32|94.00
Malted_Milk,addtocart.aspx?ProductID=7175&VariantID=31572&returnURL=c-84-bulk-sizes.aspx#7175|4|7.50,addtocart.aspx?ProductID=7175&VariantID=31573&returnURL=c-84-bulk-sizes.aspx#7175|16|18.00,addtocart.aspx?ProductID=7175&VariantID=31574&returnURL=c-84-bulk-sizes.aspx#7175|32|34.00
Mango,addtocart.aspx?ProductID=6845&VariantID=30984&returnURL=c-84-bulk-sizes.aspx#6845|4|6.50,addtocart.aspx?ProductID=6845&VariantID=30985&returnURL=c-84-bulk-sizes.aspx#6845|16|15.00,addtocart.aspx?ProductID=6845&VariantID=30986&returnURL=c-84-bulk-sizes.aspx#6845|32|28.50
Maple,addtocart.aspx?ProductID=6743&VariantID=30679&returnURL=c-84-bulk-sizes.aspx#6743|4|6.50,addtocart.aspx?ProductID=6743&VariantID=30680&returnURL=c-84-bulk-sizes.aspx#6743|16|15.00,addtocart.aspx?ProductID=6743&VariantID=30681&returnURL=c-84-bulk-sizes.aspx#6743|32|28.50
Maple_Syrup,addtocart.aspx?ProductID=6867&VariantID=31050&returnURL=c-84-bulk-sizes.aspx#6867|4|6.50,addtocart.aspx?ProductID=6867&VariantID=31051&returnURL=c-84-bulk-sizes.aspx#6867|16|15.00,addtocart.aspx?ProductID=6867&VariantID=31052&returnURL=c-84-bulk-sizes.aspx#6867|32|28.50
Maraschino_Cherry,addtocart.aspx?ProductID=7313&VariantID=31997&returnURL=c-84-bulk-sizes.aspx#7313|4|6.50,addtocart.aspx?ProductID=7313&VariantID=31998&returnURL=c-84-bulk-sizes.aspx#7313|16|17.00,addtocart.aspx?ProductID=7313&VariantID=31999&returnURL=c-84-bulk-sizes.aspx#7313|32|32.30
Marshmallow,addtocart.aspx?ProductID=6744&VariantID=30683&returnURL=c-84-bulk-sizes.aspx#6744|4|6.50,addtocart.aspx?ProductID=6744&VariantID=30684&returnURL=c-84-bulk-sizes.aspx#6744|16|15.00,addtocart.aspx?ProductID=6744&VariantID=30685&returnURL=c-84-bulk-sizes.aspx#6744|32|28.50
Mary_Jane,addtocart.aspx?ProductID=6745&VariantID=30687&returnURL=c-84-bulk-sizes.aspx#6745|4|6.50,addtocart.aspx?ProductID=6745&VariantID=30688&returnURL=c-84-bulk-sizes.aspx#6745|16|15.00,addtocart.aspx?ProductID=6745&VariantID=30689&returnURL=c-84-bulk-sizes.aspx#6745|32|28.50
Menthol,addtocart.aspx?ProductID=6746&VariantID=30691&returnURL=c-84-bulk-sizes.aspx#6746|4|24.00,addtocart.aspx?ProductID=6746&VariantID=30692&returnURL=c-84-bulk-sizes.aspx#6746|100|,addtocart.aspx?ProductID=6746&VariantID=32395&returnURL=c-84-bulk-sizes.aspx#6746|100|
Menthol_Liquid,addtocart.aspx?ProductID=7284&VariantID=31903&returnURL=c-84-bulk-sizes.aspx#7284|4|15.00,addtocart.aspx?ProductID=7284&VariantID=31904&returnURL=c-84-bulk-sizes.aspx#7284|16|50.00,addtocart.aspx?ProductID=7284&VariantID=31905&returnURL=c-84-bulk-sizes.aspx#7284|32|80.00
Mexican_Coffee,addtocart.aspx?ProductID=7576&VariantID=33313&returnURL=c-84-bulk-sizes.aspx#7576|4|6.50,,
Mild_Black,addtocart.aspx?ProductID=7569&VariantID=33284&returnURL=c-84-bulk-sizes.aspx#7569|4|6.50,addtocart.aspx?ProductID=7569&VariantID=33285&returnURL=c-84-bulk-sizes.aspx#7569|16|15.00,addtocart.aspx?ProductID=7569&VariantID=33286&returnURL=c-84-bulk-sizes.aspx#7569|32|28.50
Milk_Chocolate,addtocart.aspx?ProductID=6748&VariantID=30699&returnURL=c-84-bulk-sizes.aspx#6748|4|6.50,addtocart.aspx?ProductID=6748&VariantID=30700&returnURL=c-84-bulk-sizes.aspx#6748|16|15.00,addtocart.aspx?ProductID=6748&VariantID=30701&returnURL=c-84-bulk-sizes.aspx#6748|32|28.50
Mint_Candy,addtocart.aspx?ProductID=7444&VariantID=32561&returnURL=c-84-bulk-sizes.aspx#7444|4|8.75,addtocart.aspx?ProductID=7444&VariantID=32562&returnURL=c-84-bulk-sizes.aspx#7444|16|21.00,addtocart.aspx?ProductID=7444&VariantID=32563&returnURL=c-84-bulk-sizes.aspx#7444|32|40.00
Mocha,addtocart.aspx?ProductID=7315&VariantID=32003&returnURL=c-84-bulk-sizes.aspx#7315|4|6.50,addtocart.aspx?ProductID=7315&VariantID=32004&returnURL=c-84-bulk-sizes.aspx#7315|16|15.00,addtocart.aspx?ProductID=7315&VariantID=32005&returnURL=c-84-bulk-sizes.aspx#7315|32|28.50
Mojito,addtocart.aspx?ProductID=7598&VariantID=33414&returnURL=c-84-bulk-sizes.aspx#7598|4|8.75,addtocart.aspx?ProductID=7598&VariantID=33415&returnURL=c-84-bulk-sizes.aspx#7598|16|24.00,addtocart.aspx?ProductID=7598&VariantID=33416&returnURL=c-84-bulk-sizes.aspx#7598|32|43.00
Molasses,addtocart.aspx?ProductID=7211&VariantID=31679&returnURL=c-84-bulk-sizes.aspx#7211|4|6.50,addtocart.aspx?ProductID=7211&VariantID=31680&returnURL=c-84-bulk-sizes.aspx#7211|16|15.00,addtocart.aspx?ProductID=7211&VariantID=31681&returnURL=c-84-bulk-sizes.aspx#7211|32|28.50
Musk_Candy,addtocart.aspx?ProductID=7469&VariantID=32594&returnURL=c-84-bulk-sizes.aspx#7469|4|8.75,addtocart.aspx?ProductID=7469&VariantID=32595&returnURL=c-84-bulk-sizes.aspx#7469|16|21.00,addtocart.aspx?ProductID=7469&VariantID=32596&returnURL=c-84-bulk-sizes.aspx#7469|32|40.00
Nectarine,addtocart.aspx?ProductID=7503&VariantID=32707&returnURL=c-84-bulk-sizes.aspx#7503|4|8.75,addtocart.aspx?ProductID=7503&VariantID=32708&returnURL=c-84-bulk-sizes.aspx#7503|16|21.00,addtocart.aspx?ProductID=7503&VariantID=32709&returnURL=c-84-bulk-sizes.aspx#7503|32|39.90
OrangeSweet,addtocart.aspx?ProductID=6750&VariantID=30707&returnURL=c-84-bulk-sizes.aspx#6750|4|6.50,,
Orange_Cream,addtocart.aspx?ProductID=7406&VariantID=32391&returnURL=c-84-bulk-sizes.aspx#7406|4|6.50,addtocart.aspx?ProductID=7406&VariantID=32392&returnURL=c-84-bulk-sizes.aspx#7406|16|15.00,addtocart.aspx?ProductID=7406&VariantID=32393&returnURL=c-84-bulk-sizes.aspx#7406|32|28.50
Orange_Mandarin,addtocart.aspx?ProductID=7584&VariantID=33352&returnURL=c-84-bulk-sizes.aspx#7584|4|8.75,addtocart.aspx?ProductID=7584&VariantID=33353&returnURL=c-84-bulk-sizes.aspx#7584|16|21.00,addtocart.aspx?ProductID=7584&VariantID=33354&returnURL=c-84-bulk-sizes.aspx#7584|32|39.00
Papaya,addtocart.aspx?ProductID=7417&VariantID=32440&returnURL=c-84-bulk-sizes.aspx#7417|4|6.50,addtocart.aspx?ProductID=7417&VariantID=32441&returnURL=c-84-bulk-sizes.aspx#7417|16|17.00,addtocart.aspx?ProductID=7417&VariantID=32442&returnURL=c-84-bulk-sizes.aspx#7417|32|33.00
Passion_Fruit,addtocart.aspx?ProductID=7328&VariantID=32050&returnURL=c-84-bulk-sizes.aspx#7328|4|6.50,addtocart.aspx?ProductID=7328&VariantID=32051&returnURL=c-84-bulk-sizes.aspx#7328|16|15.00,addtocart.aspx?ProductID=7328&VariantID=32052&returnURL=c-84-bulk-sizes.aspx#7328|32|28.50
PeachJuicy,addtocart.aspx?ProductID=7395&VariantID=32343&returnURL=c-84-bulk-sizes.aspx#7395|4|6.50,addtocart.aspx?ProductID=7395&VariantID=32344&returnURL=c-84-bulk-sizes.aspx#7395|16|15.00,addtocart.aspx?ProductID=7395&VariantID=32345&returnURL=c-84-bulk-sizes.aspx#7395|32|28.50
Peach,addtocart.aspx?ProductID=6751&VariantID=30711&returnURL=c-84-bulk-sizes.aspx#6751|4|6.50,addtocart.aspx?ProductID=6751&VariantID=30712&returnURL=c-84-bulk-sizes.aspx#6751|16|15.00,addtocart.aspx?ProductID=6751&VariantID=30713&returnURL=c-84-bulk-sizes.aspx#6751|32|28.50
Peanut_Butter,addtocart.aspx?ProductID=6752&VariantID=30715&returnURL=c-84-bulk-sizes.aspx#6752|4|7.00,addtocart.aspx?ProductID=6752&VariantID=30716&returnURL=c-84-bulk-sizes.aspx#6752|16|18.00,addtocart.aspx?ProductID=6752&VariantID=30717&returnURL=c-84-bulk-sizes.aspx#6752|32|34.20
Pear,addtocart.aspx?ProductID=6753&VariantID=30719&returnURL=c-84-bulk-sizes.aspx#6753|4|9.00,addtocart.aspx?ProductID=6753&VariantID=30720&returnURL=c-84-bulk-sizes.aspx#6753|16|30.00,addtocart.aspx?ProductID=6753&VariantID=30721&returnURL=c-84-bulk-sizes.aspx#6753|32|50.00
Pecan,addtocart.aspx?ProductID=7249&VariantID=31802&returnURL=c-84-bulk-sizes.aspx#7249|4|8.75,addtocart.aspx?ProductID=7249&VariantID=31803&returnURL=c-84-bulk-sizes.aspx#7249|16|26.00,addtocart.aspx?ProductID=7249&VariantID=31804&returnURL=c-84-bulk-sizes.aspx#7249|32|49.40
Peppermint,addtocart.aspx?ProductID=6754&VariantID=30723&returnURL=c-84-bulk-sizes.aspx#6754|4|8.75,addtocart.aspx?ProductID=6754&VariantID=30724&returnURL=c-84-bulk-sizes.aspx#6754|16|22.00,addtocart.aspx?ProductID=6754&VariantID=30725&returnURL=c-84-bulk-sizes.aspx#6754|32|41.80
Pie_Crust,addtocart.aspx?ProductID=7326&VariantID=32044&returnURL=c-84-bulk-sizes.aspx#7326|4|8.75,addtocart.aspx?ProductID=7326&VariantID=32045&returnURL=c-84-bulk-sizes.aspx#7326|16|21.00,addtocart.aspx?ProductID=7326&VariantID=32046&returnURL=c-84-bulk-sizes.aspx#7326|32|39.90
Pina_Colada,addtocart.aspx?ProductID=6945&VariantID=31219&returnURL=c-84-bulk-sizes.aspx#6945|4|8.75,addtocart.aspx?ProductID=6945&VariantID=31220&returnURL=c-84-bulk-sizes.aspx#6945|16|21.00,addtocart.aspx?ProductID=6945&VariantID=31221&returnURL=c-84-bulk-sizes.aspx#6945|32|39.90
Pineapple,addtocart.aspx?ProductID=6858&VariantID=31017&returnURL=c-84-bulk-sizes.aspx#6858|4|5.50,addtocart.aspx?ProductID=6858&VariantID=31018&returnURL=c-84-bulk-sizes.aspx#6858|16|15.00,addtocart.aspx?ProductID=6858&VariantID=31019&returnURL=c-84-bulk-sizes.aspx#6858|32|28.50
Pistachio,addtocart.aspx?ProductID=7558&VariantID=33215&returnURL=c-84-bulk-sizes.aspx#7558|4|7.50,addtocart.aspx?ProductID=7558&VariantID=33216&returnURL=c-84-bulk-sizes.aspx#7558|16|17.00,addtocart.aspx?ProductID=7558&VariantID=33217&returnURL=c-84-bulk-sizes.aspx#7558|32|32.30
Pizza,addtocart.aspx?ProductID=6868&VariantID=31053&returnURL=c-84-bulk-sizes.aspx#6868|4|6.50,addtocart.aspx?ProductID=6868&VariantID=32186&returnURL=c-84-bulk-sizes.aspx#6868|100|85.50,addtocart.aspx?ProductID=6868&VariantID=32968&returnURL=c-84-bulk-sizes.aspx#6868|100|lead
Plum,addtocart.aspx?ProductID=7365&VariantID=32218&returnURL=c-84-bulk-sizes.aspx#7365|4|6.50,addtocart.aspx?ProductID=7365&VariantID=32219&returnURL=c-84-bulk-sizes.aspx#7365|16|15.00,addtocart.aspx?ProductID=7365&VariantID=32220&returnURL=c-84-bulk-sizes.aspx#7365|32|28.50
Pomegranate_Deluxe,addtocart.aspx?ProductID=7507&VariantID=32725&returnURL=c-84-bulk-sizes.aspx#7507|4|8.75,addtocart.aspx?ProductID=7507&VariantID=32726&returnURL=c-84-bulk-sizes.aspx#7507|16|21.00,addtocart.aspx?ProductID=7507&VariantID=32727&returnURL=c-84-bulk-sizes.aspx#7507|32|39.90
Pomegranate,addtocart.aspx?ProductID=7329&VariantID=32053&returnURL=c-84-bulk-sizes.aspx#7329|4|6.00,addtocart.aspx?ProductID=7329&VariantID=32054&returnURL=c-84-bulk-sizes.aspx#7329|16|17.00,addtocart.aspx?ProductID=7329&VariantID=32055&returnURL=c-84-bulk-sizes.aspx#7329|32|32.00
Popcorn,addtocart.aspx?ProductID=7327&VariantID=32047&returnURL=c-84-bulk-sizes.aspx#7327|4|10.00,addtocart.aspx?ProductID=7327&VariantID=32048&returnURL=c-84-bulk-sizes.aspx#7327|16|22.00,addtocart.aspx?ProductID=7327&VariantID=32049&returnURL=c-84-bulk-sizes.aspx#7327|32|41.80
Pralines_and_Cream,addtocart.aspx?ProductID=7585&VariantID=33356&returnURL=c-84-bulk-sizes.aspx#7585|4|8.75,addtocart.aspx?ProductID=7585&VariantID=33357&returnURL=c-84-bulk-sizes.aspx#7585|16|21.00,addtocart.aspx?ProductID=7585&VariantID=33358&returnURL=c-84-bulk-sizes.aspx#7585|32|39.00
Pumpkin,addtocart.aspx?ProductID=7213&VariantID=31685&returnURL=c-84-bulk-sizes.aspx#7213|4|6.50,addtocart.aspx?ProductID=7213&VariantID=31686&returnURL=c-84-bulk-sizes.aspx#7213|16|15.00,addtocart.aspx?ProductID=7213&VariantID=31687&returnURL=c-84-bulk-sizes.aspx#7213|32|28.50
Pumpkin_Spice,addtocart.aspx?ProductID=7344&VariantID=32098&returnURL=c-84-bulk-sizes.aspx#7344|4|6.50,addtocart.aspx?ProductID=7344&VariantID=32099&returnURL=c-84-bulk-sizes.aspx#7344|16|15.00,addtocart.aspx?ProductID=7344&VariantID=32100&returnURL=c-84-bulk-sizes.aspx#7344|32|28.50
Quince,addtocart.aspx?ProductID=7432&VariantID=32499&returnURL=c-84-bulk-sizes.aspx#7432|4|6.50,addtocart.aspx?ProductID=7432&VariantID=32500&returnURL=c-84-bulk-sizes.aspx#7432|16|17.00,addtocart.aspx?ProductID=7432&VariantID=32501&returnURL=c-84-bulk-sizes.aspx#7432|32|35.00
Raisin,addtocart.aspx?ProductID=7382&VariantID=32290&returnURL=c-84-bulk-sizes.aspx#7382|4|8.75,addtocart.aspx?ProductID=7382&VariantID=32291&returnURL=c-84-bulk-sizes.aspx#7382|16|21.00,addtocart.aspx?ProductID=7382&VariantID=32292&returnURL=c-84-bulk-sizes.aspx#7382|32|39.90
Sweet_Raspberry,addtocart.aspx?ProductID=7419&VariantID=32448&returnURL=c-84-bulk-sizes.aspx#7419|4|6.50,addtocart.aspx?ProductID=7419&VariantID=32449&returnURL=c-84-bulk-sizes.aspx#7419|16|17.00,addtocart.aspx?ProductID=7419&VariantID=32450&returnURL=c-84-bulk-sizes.aspx#7419|32|33.00
Raspberry,addtocart.aspx?ProductID=7156&VariantID=31483&returnURL=c-84-bulk-sizes.aspx#7156|4|9.00,addtocart.aspx?ProductID=7156&VariantID=31484&returnURL=c-84-bulk-sizes.aspx#7156|16|24.00,addtocart.aspx?ProductID=7156&VariantID=31485&returnURL=c-84-bulk-sizes.aspx#7156|32|43.00
Red_Licorice,addtocart.aspx?ProductID=7590&VariantID=33377&returnURL=c-84-bulk-sizes.aspx#7590|4|6.50,addtocart.aspx?ProductID=7590&VariantID=33378&returnURL=c-84-bulk-sizes.aspx#7590|16|15.00,addtocart.aspx?ProductID=7590&VariantID=33379&returnURL=c-84-bulk-sizes.aspx#7590|32|28.50
Red_Oak,addtocart.aspx?ProductID=7531&VariantID=32825&returnURL=c-84-bulk-sizes.aspx#7531|4|8.75,addtocart.aspx?ProductID=7531&VariantID=32826&returnURL=c-84-bulk-sizes.aspx#7531|16|21.00,addtocart.aspx?ProductID=7531&VariantID=32827&returnURL=c-84-bulk-sizes.aspx#7531|32|39.90
Red_Type_Blend,addtocart.aspx?ProductID=7517&VariantID=32774&returnURL=c-84-bulk-sizes.aspx#7517|4|11.00,addtocart.aspx?ProductID=7517&VariantID=32775&returnURL=c-84-bulk-sizes.aspx#7517|16|34.00,addtocart.aspx?ProductID=7517&VariantID=32776&returnURL=c-84-bulk-sizes.aspx#7517|32|62.00
Red_Velvet_Cake,addtocart.aspx?ProductID=7582&VariantID=33344&returnURL=c-84-bulk-sizes.aspx#7582|4|8.75,addtocart.aspx?ProductID=7582&VariantID=33345&returnURL=c-84-bulk-sizes.aspx#7582|16|21.00,addtocart.aspx?ProductID=7582&VariantID=33346&returnURL=c-84-bulk-sizes.aspx#7582|32|39.00
Ripe_Banana,addtocart.aspx?ProductID=6866&VariantID=31047&returnURL=c-84-bulk-sizes.aspx#6866|4|6.50,addtocart.aspx?ProductID=6866&VariantID=31048&returnURL=c-84-bulk-sizes.aspx#6866|16|17.50,addtocart.aspx?ProductID=6866&VariantID=31049&returnURL=c-84-bulk-sizes.aspx#6866|32|33.25
Root_Beer,addtocart.aspx?ProductID=7577&VariantID=33319&returnURL=c-84-bulk-sizes.aspx#7577|4|10.00,addtocart.aspx?ProductID=7577&VariantID=33320&returnURL=c-84-bulk-sizes.aspx#7577|16|22.00,addtocart.aspx?ProductID=7577&VariantID=33321&returnURL=c-84-bulk-sizes.aspx#7577|32|44.00
Rose_Candy,addtocart.aspx?ProductID=7386&VariantID=32306&returnURL=c-84-bulk-sizes.aspx#7386|4|6.50,addtocart.aspx?ProductID=7386&VariantID=32307&returnURL=c-84-bulk-sizes.aspx#7386|16|15.00,addtocart.aspx?ProductID=7386&VariantID=32308&returnURL=c-84-bulk-sizes.aspx#7386|32|28.50
RY4_Asian,addtocart.aspx?ProductID=7413&VariantID=32420&returnURL=c-84-bulk-sizes.aspx#7413|4|8.50,addtocart.aspx?ProductID=7413&VariantID=32421&returnURL=c-84-bulk-sizes.aspx#7413|16|30.00,addtocart.aspx?ProductID=7413&VariantID=32422&returnURL=c-84-bulk-sizes.aspx#7413|32|44.00
RY4_Double,addtocart.aspx?ProductID=7412&VariantID=32416&returnURL=c-84-bulk-sizes.aspx#7412|4|8.00,addtocart.aspx?ProductID=7412&VariantID=32417&returnURL=c-84-bulk-sizes.aspx#7412|16|28.50,addtocart.aspx?ProductID=7412&VariantID=32418&returnURL=c-84-bulk-sizes.aspx#7412|32|39.00
RY4,addtocart.aspx?ProductID=6914&VariantID=31158&returnURL=c-84-bulk-sizes.aspx#6914|4|8.75,addtocart.aspx?ProductID=6914&VariantID=31159&returnURL=c-84-bulk-sizes.aspx#6914|16|26.00,addtocart.aspx?ProductID=6914&VariantID=31160&returnURL=c-84-bulk-sizes.aspx#6914|32|49.40
Sea_Buckthorn,addtocart.aspx?ProductID=7548&VariantID=33184&returnURL=c-84-bulk-sizes.aspx#7548|4|6.50,addtocart.aspx?ProductID=7548&VariantID=33185&returnURL=c-84-bulk-sizes.aspx#7548|16|17.00,addtocart.aspx?ProductID=7548&VariantID=33186&returnURL=c-84-bulk-sizes.aspx#7548|32|35.00
Smooth,addtocart.aspx?ProductID=7422&VariantID=32457&returnURL=c-84-bulk-sizes.aspx#7422|4|6.50,addtocart.aspx?ProductID=7422&VariantID=32458&returnURL=c-84-bulk-sizes.aspx#7422|16|17.00,addtocart.aspx?ProductID=7422&VariantID=32459&returnURL=c-84-bulk-sizes.aspx#7422|32|35.00
Sour,addtocart.aspx?ProductID=7292&VariantID=31926&returnURL=c-84-bulk-sizes.aspx#7292|4|6.50,addtocart.aspx?ProductID=7292&VariantID=31927&returnURL=c-84-bulk-sizes.aspx#7292|16|15.00,addtocart.aspx?ProductID=7292&VariantID=31928&returnURL=c-84-bulk-sizes.aspx#7292|32|28.50
Spearmint,addtocart.aspx?ProductID=6850&VariantID=31003&returnURL=c-84-bulk-sizes.aspx#6850|4|8.50,addtocart.aspx?ProductID=6850&VariantID=31004&returnURL=c-84-bulk-sizes.aspx#6850|16|19.00,addtocart.aspx?ProductID=6850&VariantID=31005&returnURL=c-84-bulk-sizes.aspx#6850|32|36.10
Strawberries_and_Cream,addtocart.aspx?ProductID=7490&VariantID=32681&returnURL=c-84-bulk-sizes.aspx#7490|4|6.50,addtocart.aspx?ProductID=7490&VariantID=32682&returnURL=c-84-bulk-sizes.aspx#7490|16|17.00,addtocart.aspx?ProductID=7490&VariantID=32683&returnURL=c-84-bulk-sizes.aspx#7490|32|32.30
Strawberry_Ripe,addtocart.aspx?ProductID=7530&VariantID=32821&returnURL=c-84-bulk-sizes.aspx#7530|4|8.75,addtocart.aspx?ProductID=7530&VariantID=32822&returnURL=c-84-bulk-sizes.aspx#7530|16|21.00,addtocart.aspx?ProductID=7530&VariantID=32823&returnURL=c-84-bulk-sizes.aspx#7530|32|39.90
Strawberry,addtocart.aspx?ProductID=7155&VariantID=31480&returnURL=c-84-bulk-sizes.aspx#7155|4|5.00,addtocart.aspx?ProductID=7155&VariantID=31481&returnURL=c-84-bulk-sizes.aspx#7155|16|16.00,addtocart.aspx?ProductID=7155&VariantID=31482&returnURL=c-84-bulk-sizes.aspx#7155|32|30.00
Swedish_Gummy,addtocart.aspx?ProductID=7600&VariantID=33426&returnURL=c-84-bulk-sizes.aspx#7600|4|8.75,addtocart.aspx?ProductID=7600&VariantID=33427&returnURL=c-84-bulk-sizes.aspx#7600|16|21.00,addtocart.aspx?ProductID=7600&VariantID=33430&returnURL=c-84-bulk-sizes.aspx#7600|100|lead
Sweet_and_Tart,addtocart.aspx?ProductID=7392&VariantID=32332&returnURL=c-84-bulk-sizes.aspx#7392|4|6.50,addtocart.aspx?ProductID=7392&VariantID=32333&returnURL=c-84-bulk-sizes.aspx#7392|16|17.00,addtocart.aspx?ProductID=7392&VariantID=32334&returnURL=c-84-bulk-sizes.aspx#7392|32|35.00
Sweet_Cream,addtocart.aspx?ProductID=6757&VariantID=30735&returnURL=c-84-bulk-sizes.aspx#6757|4|7.00,addtocart.aspx?ProductID=6757&VariantID=30736&returnURL=c-84-bulk-sizes.aspx#6757|16|18.00,addtocart.aspx?ProductID=6757&VariantID=30737&returnURL=c-84-bulk-sizes.aspx#6757|32|34.20
Sweet_Woodruff,addtocart.aspx?ProductID=7547&VariantID=33180&returnURL=c-84-bulk-sizes.aspx#7547|4|6.50,addtocart.aspx?ProductID=7547&VariantID=33181&returnURL=c-84-bulk-sizes.aspx#7547|16|17.00,addtocart.aspx?ProductID=7547&VariantID=33182&returnURL=c-84-bulk-sizes.aspx#7547|32|35.00
Sweetener,addtocart.aspx?ProductID=6758&VariantID=30739&returnURL=c-84-bulk-sizes.aspx#6758|4|6.50,addtocart.aspx?ProductID=6758&VariantID=30740&returnURL=c-84-bulk-sizes.aspx#6758|16|15.00,addtocart.aspx?ProductID=6758&VariantID=30741&returnURL=c-84-bulk-sizes.aspx#6758|32|28.50
Taro,addtocart.aspx?ProductID=7573&VariantID=33299&returnURL=c-84-bulk-sizes.aspx#7573|4|6.50,addtocart.aspx?ProductID=7573&VariantID=33300&returnURL=c-84-bulk-sizes.aspx#7573|16|17.00,addtocart.aspx?ProductID=7573&VariantID=33301&returnURL=c-84-bulk-sizes.aspx#7573|32|35.00
Tiramisu,addtocart.aspx?ProductID=7160&VariantID=31495&returnURL=c-84-bulk-sizes.aspx#7160|4|9.50,addtocart.aspx?ProductID=7160&VariantID=31496&returnURL=c-84-bulk-sizes.aspx#7160|16|28.00,addtocart.aspx?ProductID=7160&VariantID=31497&returnURL=c-84-bulk-sizes.aspx#7160|32|54.00
Toasted_Almond,addtocart.aspx?ProductID=7240&VariantID=31773&returnURL=c-84-bulk-sizes.aspx#7240|4|9.00,addtocart.aspx?ProductID=7240&VariantID=31774&returnURL=c-84-bulk-sizes.aspx#7240|16|24.00,addtocart.aspx?ProductID=7240&VariantID=31775&returnURL=c-84-bulk-sizes.aspx#7240|32|43.00
Toasted_Marshmallow,addtocart.aspx?ProductID=7251&VariantID=31809&returnURL=c-84-bulk-sizes.aspx#7251|4|9.00,addtocart.aspx?ProductID=7251&VariantID=31810&returnURL=c-84-bulk-sizes.aspx#7251|16|24.00,addtocart.aspx?ProductID=7251&VariantID=31811&returnURL=c-84-bulk-sizes.aspx#7251|32|43.00
Tobacco,addtocart.aspx?ProductID=6847&VariantID=30990&returnURL=c-84-bulk-sizes.aspx#6847|4|6.50,addtocart.aspx?ProductID=6847&VariantID=30991&returnURL=c-84-bulk-sizes.aspx#6847|16|18.00,addtocart.aspx?ProductID=6847&VariantID=30992&returnURL=c-84-bulk-sizes.aspx#6847|32|34.20
Turkish,addtocart.aspx?ProductID=7586&VariantID=33360&returnURL=c-84-bulk-sizes.aspx#7586|4|8.75,addtocart.aspx?ProductID=7586&VariantID=33361&returnURL=c-84-bulk-sizes.aspx#7586|16|24.00,addtocart.aspx?ProductID=7586&VariantID=33362&returnURL=c-84-bulk-sizes.aspx#7586|32|43.00
TuttiFrutti,addtocart.aspx?ProductID=7229&VariantID=31756&returnURL=c-84-bulk-sizes.aspx#7229|4|8.75,addtocart.aspx?ProductID=7229&VariantID=31757&returnURL=c-84-bulk-sizes.aspx#7229|16|24.00,addtocart.aspx?ProductID=7229&VariantID=31758&returnURL=c-84-bulk-sizes.aspx#7229|32|43.00
VanillaBourbon,addtocart.aspx?ProductID=6763&VariantID=30759&returnURL=c-84-bulk-sizes.aspx#6763|4|10.00,addtocart.aspx?ProductID=6763&VariantID=30760&returnURL=c-84-bulk-sizes.aspx#6763|16|22.00,addtocart.aspx?ProductID=6763&VariantID=30761&returnURL=c-84-bulk-sizes.aspx#6763|32|41.80
Vanilla_Bean,addtocart.aspx?ProductID=7173&VariantID=31565&returnURL=c-84-bulk-sizes.aspx#7173|4|10.00,addtocart.aspx?ProductID=7173&VariantID=31566&returnURL=c-84-bulk-sizes.aspx#7173|16|22.00,addtocart.aspx?ProductID=7173&VariantID=31567&returnURL=c-84-bulk-sizes.aspx#7173|32|41.80
Vanilla_Cupcake,addtocart.aspx?ProductID=7404&VariantID=32382&returnURL=c-84-bulk-sizes.aspx#7404|4|7.00,addtocart.aspx?ProductID=7404&VariantID=32383&returnURL=c-84-bulk-sizes.aspx#7404|16|18.00,addtocart.aspx?ProductID=7404&VariantID=32384&returnURL=c-84-bulk-sizes.aspx#7404|32|34.20
Vanilla_Custard,addtocart.aspx?ProductID=7172&VariantID=31561&returnURL=c-84-bulk-sizes.aspx#7172|4|10.00,addtocart.aspx?ProductID=7172&VariantID=31562&returnURL=c-84-bulk-sizes.aspx#7172|16|22.00,addtocart.aspx?ProductID=7172&VariantID=31563&returnURL=c-84-bulk-sizes.aspx#7172|32|41.80
Vanilla_Swirl,addtocart.aspx?ProductID=7311&VariantID=31991&returnURL=c-84-bulk-sizes.aspx#7311|4|9.00,addtocart.aspx?ProductID=7311&VariantID=31992&returnURL=c-84-bulk-sizes.aspx#7311|16|21.00,addtocart.aspx?ProductID=7311&VariantID=31993&returnURL=c-84-bulk-sizes.aspx#7311|32|40.00
Vanillin,addtocart.aspx?ProductID=7337&VariantID=32080&returnURL=c-84-bulk-sizes.aspx#7337|4|6.50,addtocart.aspx?ProductID=7337&VariantID=32081&returnURL=c-84-bulk-sizes.aspx#7337|16|15.00,addtocart.aspx?ProductID=7337&VariantID=32082&returnURL=c-84-bulk-sizes.aspx#7337|32|28.50
Violet_Candy,addtocart.aspx?ProductID=7385&VariantID=32302&returnURL=c-84-bulk-sizes.aspx#7385|4|9.00,addtocart.aspx?ProductID=7385&VariantID=32303&returnURL=c-84-bulk-sizes.aspx#7385|16|21.00,addtocart.aspx?ProductID=7385&VariantID=32304&returnURL=c-84-bulk-sizes.aspx#7385|32|40.00
Belgian_Waffle,addtocart.aspx?ProductID=7331&VariantID=32059&returnURL=c-84-bulk-sizes.aspx#7331|4|6.50,addtocart.aspx?ProductID=7331&VariantID=32060&returnURL=c-84-bulk-sizes.aspx#7331|16|15.00,addtocart.aspx?ProductID=7331&VariantID=32061&returnURL=c-84-bulk-sizes.aspx#7331|32|28.50
Waffle,addtocart.aspx?ProductID=6764&VariantID=30763&returnURL=c-84-bulk-sizes.aspx#6764|4|6.50,addtocart.aspx?ProductID=6764&VariantID=30764&returnURL=c-84-bulk-sizes.aspx#6764|16|16.00,addtocart.aspx?ProductID=6764&VariantID=30765&returnURL=c-84-bulk-sizes.aspx#6764|32|30.40
Watermelon,addtocart.aspx?ProductID=6765&VariantID=30767&returnURL=c-84-bulk-sizes.aspx#6765|4|8.75,addtocart.aspx?ProductID=6765&VariantID=30768&returnURL=c-84-bulk-sizes.aspx#6765|16|25.00,addtocart.aspx?ProductID=6765&VariantID=30769&returnURL=c-84-bulk-sizes.aspx#6765|32|47.50
Western_Blend,addtocart.aspx?ProductID=7533&VariantID=32863&returnURL=c-84-bulk-sizes.aspx#7533|4|8.75,addtocart.aspx?ProductID=7533&VariantID=32864&returnURL=c-84-bulk-sizes.aspx#7533|16|26.00,addtocart.aspx?ProductID=7533&VariantID=32865&returnURL=c-84-bulk-sizes.aspx#7533|32|49.40
Whipped_Cream,addtocart.aspx?ProductID=7347&VariantID=32110&returnURL=c-84-bulk-sizes.aspx#7347|4|6.50,addtocart.aspx?ProductID=7347&VariantID=32111&returnURL=c-84-bulk-sizes.aspx#7347|16|15.00,addtocart.aspx?ProductID=7347&VariantID=32112&returnURL=c-84-bulk-sizes.aspx#7347|32|28.50
White_Chocolate,addtocart.aspx?ProductID=6766&VariantID=30771&returnURL=c-84-bulk-sizes.aspx#6766|4|6.50,addtocart.aspx?ProductID=6766&VariantID=30772&returnURL=c-84-bulk-sizes.aspx#6766|16|15.00,addtocart.aspx?ProductID=6766&VariantID=30773&returnURL=c-84-bulk-sizes.aspx#6766|32|28.50
Wintergreen,addtocart.aspx?ProductID=6767&VariantID=30775&returnURL=c-84-bulk-sizes.aspx#6767|4|5.00,addtocart.aspx?ProductID=6767&VariantID=30776&returnURL=c-84-bulk-sizes.aspx#6767|16|15.00,addtocart.aspx?ProductID=6767&VariantID=30777&returnURL=c-84-bulk-sizes.aspx#6767|32|28.50
Worcestershire,addtocart.aspx?ProductID=7177&VariantID=31580&returnURL=c-84-bulk-sizes.aspx#7177|4|6.50,addtocart.aspx?ProductID=7177&VariantID=31581&returnURL=c-84-bulk-sizes.aspx#7177|16|15.00,addtocart.aspx?ProductID=7177&VariantID=31582&returnURL=c-84-bulk-sizes.aspx#7177|32|28.50
Yam,addtocart.aspx?ProductID=7305&VariantID=31967&returnURL=c-84-bulk-sizes.aspx#7305|4|7.00,addtocart.aspx?ProductID=7305&VariantID=31968&returnURL=c-84-bulk-sizes.aspx#7305|16|18.00,addtocart.aspx?ProductID=7305&VariantID=31969&returnURL=c-84-bulk-sizes.aspx#7305|32|34.20
